account,banner,gacha_type,pity,guaranteed,is_s,featured,first_segment
a69245c3ded0,wengine,3,1,0,0,,1
a69245c3ded0,wengine,3,2,0,0,,1
a69245c3ded0,wengine,3,3,0,0,,1
a69245c3ded0,wengine,3,4,0,0,,1
a69245c3ded0,wengine,3,5,0,0,,1
a69245c3ded0,wengine,3,6,0,0,,1
a69245c3ded0,wengine,3,7,0,0,,1
a69245c3ded0,wengine,3,8,0,0,,1
a69245c3ded0,wengine,3,9,0,0,,1
a69245c3ded0,agent,2,1,0,0,,1
a69245c3ded0,agent,2,2,0,0,,1
a69245c3ded0,agent,2,3,0,0,,1
a69245c3ded0,agent,2,4,0,0,,1
a69245c3ded0,agent,2,5,0,0,,1
a69245c3ded0,agent,2,6,0,0,,1
a69245c3ded0,agent,2,7,0,0,,1
a69245c3ded0,agent,2,8,0,0,,1
a69245c3ded0,agent,2,9,0,0,,1
a69245c3ded0,agent,2,10,0,0,,1
a69245c3ded0,agent,2,11,0,0,,1
a69245c3ded0,agent,2,12,0,0,,1
a69245c3ded0,agent,2,13,0,0,,1
a69245c3ded0,agent,2,14,0,0,,1
a69245c3ded0,agent,2,15,0,0,,1
a69245c3ded0,agent,2,16,0,0,,1
a69245c3ded0,agent,2,17,0,0,,1
a69245c3ded0,agent,2,18,0,0,,1
a69245c3ded0,agent,2,19,0,0,,1
a69245c3ded0,agent,2,20,0,0,,1
a69245c3ded0,agent,2,21,0,0,,1
a69245c3ded0,wengine,3,10,0,0,,1
a69245c3ded0,agent,2,22,0,0,,1
a69245c3ded0,agent,2,23,0,0,,1
a69245c3ded0,agent,2,24,0,0,,1
a69245c3ded0,agent,2,25,0,0,,1
a69245c3ded0,agent,2,26,0,0,,1
a69245c3ded0,agent,2,27,0,0,,1
a69245c3ded0,agent,2,28,0,0,,1
a69245c3ded0,agent,2,29,0,0,,1
a69245c3ded0,agent,2,30,0,0,,1
a69245c3ded0,agent,2,31,0,0,,1
a69245c3ded0,agent,2,32,0,0,,1
a69245c3ded0,agent,2,33,0,0,,1
a69245c3ded0,agent,2,34,0,0,,1
a69245c3ded0,agent,2,35,0,0,,1
a69245c3ded0,agent,2,36,0,0,,1
a69245c3ded0,agent,2,37,0,0,,1
a69245c3ded0,agent,2,38,0,0,,1
a69245c3ded0,agent,2,39,0,0,,1
a69245c3ded0,agent,2,40,0,0,,1
a69245c3ded0,agent,2,41,0,0,,1
a69245c3ded0,agent,2,42,0,0,,1
a69245c3ded0,agent,2,43,0,0,,1
a69245c3ded0,agent,2,44,0,0,,1
a69245c3ded0,agent,2,45,0,0,,1
a69245c3ded0,agent,2,46,0,0,,1
a69245c3ded0,agent,2,47,0,0,,1
a69245c3ded0,agent,2,48,0,0,,1
a69245c3ded0,agent,2,49,0,0,,1
a69245c3ded0,agent,2,50,0,0,,1
a69245c3ded0,agent,2,51,0,0,,1
a69245c3ded0,agent,2,52,0,0,,1
a69245c3ded0,agent,2,53,0,0,,1
a69245c3ded0,agent,2,54,0,0,,1
a69245c3ded0,agent,2,55,0,0,,1
a69245c3ded0,agent,2,56,0,0,,1
a69245c3ded0,agent,2,57,0,0,,1
a69245c3ded0,agent,2,58,0,0,,1
a69245c3ded0,agent,2,59,0,0,,1
a69245c3ded0,agent,2,60,0,0,,1
a69245c3ded0,wengine,3,11,0,0,,1
a69245c3ded0,wengine,3,12,0,0,,1
a69245c3ded0,wengine,3,13,0,0,,1
a69245c3ded0,wengine,3,14,0,0,,1
a69245c3ded0,wengine,3,15,0,0,,1
a69245c3ded0,wengine,3,16,0,0,,1
a69245c3ded0,wengine,3,17,0,0,,1
a69245c3ded0,wengine,3,18,0,0,,1
a69245c3ded0,wengine,3,19,0,0,,1
a69245c3ded0,wengine,3,20,0,0,,1
a69245c3ded0,wengine,3,21,0,0,,1
a69245c3ded0,wengine,3,22,0,0,,1
a69245c3ded0,wengine,3,23,0,0,,1
a69245c3ded0,wengine,3,24,0,0,,1
a69245c3ded0,agent,2,61,0,0,,1
a69245c3ded0,agent,2,62,0,0,,1
a69245c3ded0,agent,2,63,0,0,,1
a69245c3ded0,agent,2,64,0,0,,1
a69245c3ded0,agent,2,65,0,0,,1
a69245c3ded0,agent,2,66,0,0,,1
a69245c3ded0,agent,2,67,0,0,,1
a69245c3ded0,agent,2,68,0,0,,1
a69245c3ded0,agent,2,69,0,0,,1
a69245c3ded0,agent,2,70,0,0,,1
a69245c3ded0,agent,2,71,0,0,,1
a69245c3ded0,agent,2,72,0,0,,1
a69245c3ded0,agent,2,73,0,0,,1
a69245c3ded0,agent,2,74,0,0,,1
a69245c3ded0,agent,2,75,0,0,,1
a69245c3ded0,agent,2,76,0,0,,1
a69245c3ded0,agent,2,77,0,0,,1
a69245c3ded0,agent,2,78,0,0,,1
a69245c3ded0,agent,2,79,0,1,1.0,1
a69245c3ded0,agent,2,1,0,0,,0
a69245c3ded0,wengine,3,25,0,0,,1
a69245c3ded0,wengine,3,26,0,0,,1
a69245c3ded0,wengine,3,27,0,0,,1
a69245c3ded0,wengine,3,28,0,0,,1
a69245c3ded0,wengine,3,29,0,0,,1
a69245c3ded0,wengine,3,30,0,0,,1
a69245c3ded0,wengine,3,31,0,0,,1
a69245c3ded0,wengine,3,32,0,0,,1
a69245c3ded0,wengine,3,33,0,0,,1
a69245c3ded0,wengine,3,34,0,0,,1
a69245c3ded0,wengine,3,35,0,0,,1
a69245c3ded0,wengine,3,36,0,0,,1
a69245c3ded0,wengine,3,37,0,0,,1
a69245c3ded0,wengine,3,38,0,0,,1
a69245c3ded0,wengine,3,39,0,0,,1
a69245c3ded0,wengine,3,40,0,0,,1
a69245c3ded0,wengine,3,41,0,0,,1
a69245c3ded0,wengine,3,42,0,0,,1
a69245c3ded0,wengine,3,43,0,0,,1
a69245c3ded0,wengine,3,44,0,0,,1
a69245c3ded0,wengine,3,45,0,0,,1
a69245c3ded0,wengine,3,46,0,0,,1
a69245c3ded0,wengine,3,47,0,0,,1
a69245c3ded0,wengine,3,48,0,0,,1
a69245c3ded0,wengine,3,49,0,1,1.0,1
a69245c3ded0,agent,2,2,0,0,,0
a69245c3ded0,agent,2,3,0,0,,0
a69245c3ded0,agent,2,4,0,0,,0
a69245c3ded0,agent,2,5,0,0,,0
a69245c3ded0,agent,2,6,0,0,,0
a69245c3ded0,agent,2,7,0,0,,0
a69245c3ded0,agent,2,8,0,0,,0
a69245c3ded0,agent,2,9,0,0,,0
a69245c3ded0,agent,2,10,0,0,,0
a69245c3ded0,agent,2,11,0,0,,0
a69245c3ded0,agent,2,12,0,0,,0
a69245c3ded0,agent,2,13,0,0,,0
a69245c3ded0,agent,2,14,0,0,,0
a69245c3ded0,agent,2,15,0,0,,0
a69245c3ded0,agent,2,16,0,0,,0
a69245c3ded0,agent,2,17,0,0,,0
a69245c3ded0,agent,2,18,0,0,,0
a69245c3ded0,agent,2,19,0,0,,0
a69245c3ded0,agent,2,20,0,0,,0
a69245c3ded0,agent,2,21,0,0,,0
a69245c3ded0,agent,2,22,0,0,,0
a69245c3ded0,agent,2,23,0,0,,0
a69245c3ded0,agent,2,24,0,0,,0
a69245c3ded0,agent,2,25,0,0,,0
a69245c3ded0,agent,2,26,0,0,,0
a69245c3ded0,agent,2,27,0,0,,0
a69245c3ded0,agent,2,28,0,0,,0
a69245c3ded0,agent,2,29,0,0,,0
a69245c3ded0,agent,2,30,0,0,,0
a69245c3ded0,agent,2,31,0,0,,0
a69245c3ded0,agent,2,32,0,0,,0
a69245c3ded0,agent,2,33,0,0,,0
a69245c3ded0,agent,2,34,0,0,,0
a69245c3ded0,agent,2,35,0,0,,0
a69245c3ded0,agent,2,36,0,0,,0
a69245c3ded0,agent,2,37,0,0,,0
a69245c3ded0,agent,2,38,0,0,,0
a69245c3ded0,agent,2,39,0,0,,0
a69245c3ded0,agent,2,40,0,0,,0
a69245c3ded0,agent,2,41,0,0,,0
a69245c3ded0,agent,2,42,0,0,,0
a69245c3ded0,agent,2,43,0,0,,0
a69245c3ded0,agent,2,44,0,0,,0
a69245c3ded0,agent,2,45,0,0,,0
a69245c3ded0,agent,2,46,0,0,,0
a69245c3ded0,agent,2,47,0,0,,0
a69245c3ded0,agent,2,48,0,0,,0
a69245c3ded0,agent,2,49,0,0,,0
a69245c3ded0,agent,2,50,0,0,,0
a69245c3ded0,wengine,3,1,0,0,,0
a69245c3ded0,wengine,3,2,0,0,,0
a69245c3ded0,wengine,3,3,0,0,,0
a69245c3ded0,wengine,3,4,0,0,,0
a69245c3ded0,wengine,3,5,0,0,,0
a69245c3ded0,wengine,3,6,0,0,,0
a69245c3ded0,wengine,3,7,0,0,,0
a69245c3ded0,wengine,3,8,0,0,,0
a69245c3ded0,wengine,3,9,0,0,,0
a69245c3ded0,wengine,3,10,0,0,,0
a69245c3ded0,wengine,3,11,0,0,,0
a69245c3ded0,wengine,3,12,0,0,,0
a69245c3ded0,wengine,3,13,0,0,,0
a69245c3ded0,wengine,3,14,0,0,,0
a69245c3ded0,wengine,3,15,0,0,,0
a69245c3ded0,wengine,3,16,0,0,,0
a69245c3ded0,wengine,3,17,0,0,,0
a69245c3ded0,wengine,3,18,0,0,,0
a69245c3ded0,wengine,3,19,0,0,,0
a69245c3ded0,wengine,3,20,0,1,1.0,0
a69245c3ded0,wengine,3,1,0,0,,0
a69245c3ded0,wengine,3,2,0,0,,0
a69245c3ded0,wengine,3,3,0,0,,0
a69245c3ded0,wengine,3,4,0,0,,0
a69245c3ded0,wengine,3,5,0,0,,0
a69245c3ded0,agent,2,51,0,0,,0
a69245c3ded0,agent,2,52,0,0,,0
a69245c3ded0,agent,2,53,0,0,,0
a69245c3ded0,agent,2,54,0,0,,0
a69245c3ded0,agent,2,55,0,0,,0
a69245c3ded0,agent,2,56,0,0,,0
a69245c3ded0,agent,2,57,0,0,,0
a69245c3ded0,agent,2,58,0,0,,0
a69245c3ded0,agent,2,59,0,0,,0
a69245c3ded0,agent,2,60,0,1,1.0,0
a69245c3ded0,agent,2,1,0,0,,0
a69245c3ded0,agent,2,2,0,0,,0
a69245c3ded0,agent,2,3,0,0,,0
a69245c3ded0,agent,2,4,0,0,,0
a69245c3ded0,agent,2,5,0,0,,0
a69245c3ded0,agent,2,6,0,0,,0
a69245c3ded0,agent,2,7,0,0,,0
a69245c3ded0,agent,2,8,0,0,,0
a69245c3ded0,agent,2,9,0,0,,0
a69245c3ded0,agent,2,10,0,0,,0
a69245c3ded0,agent,2,11,0,0,,0
a69245c3ded0,agent,2,12,0,0,,0
a69245c3ded0,agent,2,13,0,0,,0
a69245c3ded0,agent,2,14,0,0,,0
a69245c3ded0,agent,2,15,0,0,,0
a69245c3ded0,agent,2,16,0,0,,0
a69245c3ded0,agent,2,17,0,0,,0
a69245c3ded0,agent,2,18,0,0,,0
a69245c3ded0,agent,2,19,0,0,,0
a69245c3ded0,agent,2,20,0,0,,0
a69245c3ded0,agent,2,21,0,0,,0
a69245c3ded0,agent,2,22,0,0,,0
a69245c3ded0,agent,2,23,0,0,,0
a69245c3ded0,agent,2,24,0,0,,0
a69245c3ded0,agent,2,25,0,0,,0
a69245c3ded0,agent,2,26,0,0,,0
a69245c3ded0,agent,2,27,0,0,,0
a69245c3ded0,agent,2,28,0,0,,0
a69245c3ded0,agent,2,29,0,0,,0
a69245c3ded0,agent,2,30,0,0,,0
a69245c3ded0,agent,2,31,0,0,,0
a69245c3ded0,agent,2,32,0,0,,0
a69245c3ded0,agent,2,33,0,0,,0
a69245c3ded0,agent,2,34,0,0,,0
a69245c3ded0,agent,2,35,0,0,,0
a69245c3ded0,agent,2,36,0,0,,0
a69245c3ded0,agent,2,37,0,0,,0
a69245c3ded0,agent,2,38,0,0,,0
a69245c3ded0,agent,2,39,0,0,,0
a69245c3ded0,agent,2,40,0,0,,0
a69245c3ded0,agent,2,41,0,0,,0
a69245c3ded0,agent,2,42,0,0,,0
a69245c3ded0,agent,2,43,0,0,,0
a69245c3ded0,agent,2,44,0,0,,0
a69245c3ded0,agent,2,45,0,0,,0
a69245c3ded0,agent,2,46,0,0,,0
a69245c3ded0,agent,2,47,0,0,,0
a69245c3ded0,agent,2,48,0,0,,0
a69245c3ded0,agent,2,49,0,0,,0
a69245c3ded0,agent,2,50,0,0,,0
a69245c3ded0,agent,2,51,0,0,,0
a69245c3ded0,agent,2,52,0,0,,0
a69245c3ded0,agent,2,53,0,0,,0
a69245c3ded0,agent,2,54,0,0,,0
a69245c3ded0,agent,2,55,0,0,,0
a69245c3ded0,agent,2,56,0,0,,0
a69245c3ded0,agent,2,57,0,0,,0
a69245c3ded0,agent,2,58,0,1,1.0,0
a69245c3ded0,agent,2,1,0,0,,0
a69245c3ded0,agent,2,2,0,0,,0
a69245c3ded0,agent,2,3,0,0,,0
a69245c3ded0,agent,2,4,0,0,,0
a69245c3ded0,agent,2,5,0,0,,0
a69245c3ded0,agent,2,6,0,0,,0
a69245c3ded0,agent,2,7,0,0,,0
a69245c3ded0,agent,2,8,0,0,,0
a69245c3ded0,agent,2,9,0,0,,0
a69245c3ded0,agent,2,10,0,0,,0
a69245c3ded0,agent,2,11,0,0,,0
a69245c3ded0,agent,2,12,0,0,,0
a69245c3ded0,agent,2,13,0,0,,0
a69245c3ded0,agent,2,14,0,0,,0
a69245c3ded0,agent,2,15,0,0,,0
a69245c3ded0,agent,2,16,0,0,,0
a69245c3ded0,agent,2,17,0,0,,0
a69245c3ded0,agent,2,18,0,0,,0
a69245c3ded0,agent,2,19,0,0,,0
a69245c3ded0,agent,2,20,0,0,,0
a69245c3ded0,wengine,3,6,0,0,,0
a69245c3ded0,wengine,3,7,0,0,,0
a69245c3ded0,wengine,3,8,0,0,,0
a69245c3ded0,wengine,3,9,0,0,,0
a69245c3ded0,wengine,3,10,0,0,,0
a69245c3ded0,agent,2,21,0,0,,0
a69245c3ded0,agent,2,22,0,0,,0
a69245c3ded0,agent,2,23,0,0,,0
a69245c3ded0,agent,2,24,0,0,,0
a69245c3ded0,agent,2,25,0,0,,0
a69245c3ded0,agent,2,26,0,0,,0
a69245c3ded0,agent,2,27,0,0,,0
a69245c3ded0,agent,2,28,0,0,,0
a69245c3ded0,agent,2,29,0,0,,0
a69245c3ded0,agent,2,30,0,0,,0
a69245c3ded0,agent,2,31,0,0,,0
a69245c3ded0,agent,2,32,0,0,,0
a69245c3ded0,agent,2,33,0,0,,0
a69245c3ded0,agent,2,34,0,0,,0
a69245c3ded0,agent,2,35,0,0,,0
a69245c3ded0,agent,2,36,0,0,,0
a69245c3ded0,agent,2,37,0,0,,0
a69245c3ded0,agent,2,38,0,0,,0
a69245c3ded0,agent,2,39,0,0,,0
a69245c3ded0,agent,2,40,0,0,,0
a69245c3ded0,agent,2,41,0,0,,0
a69245c3ded0,agent,2,42,0,0,,0
a69245c3ded0,agent,2,43,0,0,,0
a69245c3ded0,agent,2,44,0,0,,0
a69245c3ded0,agent,2,45,0,0,,0
a69245c3ded0,agent,2,46,0,0,,0
a69245c3ded0,agent,2,47,0,0,,0
a69245c3ded0,agent,2,48,0,0,,0
a69245c3ded0,agent,2,49,0,0,,0
a69245c3ded0,agent,2,50,0,0,,0
a69245c3ded0,agent,2,51,0,0,,0
a69245c3ded0,agent,2,52,0,0,,0
a69245c3ded0,agent,2,53,0,0,,0
a69245c3ded0,agent,2,54,0,0,,0
a69245c3ded0,agent,2,55,0,0,,0
a69245c3ded0,agent,2,56,0,0,,0
a69245c3ded0,agent,2,57,0,0,,0
a69245c3ded0,agent,2,58,0,0,,0
a69245c3ded0,agent,2,59,0,0,,0
a69245c3ded0,agent,2,60,0,0,,0
a69245c3ded0,agent,2,61,0,0,,0
a69245c3ded0,agent,2,62,0,0,,0
a69245c3ded0,agent,2,63,0,0,,0
a69245c3ded0,agent,2,64,0,0,,0
a69245c3ded0,agent,2,65,0,0,,0
a69245c3ded0,agent,2,66,0,0,,0
a69245c3ded0,agent,2,67,0,0,,0
a69245c3ded0,agent,2,68,0,0,,0
a69245c3ded0,agent,2,69,0,0,,0
a69245c3ded0,agent,2,70,0,0,,0
a69245c3ded0,agent,2,71,0,0,,0
a69245c3ded0,agent,2,72,0,0,,0
a69245c3ded0,agent,2,73,0,0,,0
a69245c3ded0,agent,2,74,0,0,,0
a69245c3ded0,agent,2,75,0,0,,0
a69245c3ded0,agent,2,76,0,0,,0
a69245c3ded0,agent,2,77,0,0,,0
a69245c3ded0,agent,2,78,0,1,0.0,0
a69245c3ded0,agent,2,1,1,0,,0
a69245c3ded0,agent,2,2,1,0,,0
a69245c3ded0,agent,2,3,1,0,,0
a69245c3ded0,agent,2,4,1,0,,0
a69245c3ded0,agent,2,5,1,0,,0
a69245c3ded0,agent,2,6,1,0,,0
a69245c3ded0,agent,2,7,1,0,,0
a69245c3ded0,agent,2,8,1,0,,0
a69245c3ded0,agent,2,9,1,0,,0
a69245c3ded0,agent,2,10,1,0,,0
a69245c3ded0,agent,2,11,1,0,,0
a69245c3ded0,agent,2,12,1,0,,0
a69245c3ded0,agent,2,13,1,0,,0
a69245c3ded0,agent,2,14,1,0,,0
a69245c3ded0,agent,2,15,1,0,,0
a69245c3ded0,agent,2,16,1,0,,0
a69245c3ded0,agent,2,17,1,0,,0
a69245c3ded0,agent,2,18,1,0,,0
a69245c3ded0,agent,2,19,1,0,,0
a69245c3ded0,agent,2,20,1,0,,0
a69245c3ded0,agent,2,21,1,0,,0
a69245c3ded0,agent,2,22,1,0,,0
a69245c3ded0,agent,2,23,1,0,,0
a69245c3ded0,agent,2,24,1,0,,0
a69245c3ded0,agent,2,25,1,0,,0
a69245c3ded0,agent,2,26,1,0,,0
a69245c3ded0,agent,2,27,1,0,,0
a69245c3ded0,agent,2,28,1,0,,0
a69245c3ded0,agent,2,29,1,0,,0
a69245c3ded0,agent,2,30,1,0,,0
a69245c3ded0,agent,2,31,1,0,,0
a69245c3ded0,agent,2,32,1,0,,0
a69245c3ded0,agent,2,33,1,0,,0
a69245c3ded0,agent,2,34,1,0,,0
a69245c3ded0,agent,2,35,1,0,,0
a69245c3ded0,agent,2,36,1,0,,0
a69245c3ded0,agent,2,37,1,0,,0
a69245c3ded0,agent,2,38,1,0,,0
a69245c3ded0,agent,2,39,1,0,,0
a69245c3ded0,agent,2,40,1,0,,0
a69245c3ded0,agent,2,41,1,0,,0
a69245c3ded0,agent,2,42,1,0,,0
a69245c3ded0,agent,2,43,1,0,,0
a69245c3ded0,agent,2,44,1,0,,0
a69245c3ded0,agent,2,45,1,0,,0
a69245c3ded0,agent,2,46,1,0,,0
a69245c3ded0,agent,2,47,1,0,,0
a69245c3ded0,agent,2,48,1,0,,0
a69245c3ded0,agent,2,49,1,0,,0
a69245c3ded0,agent,2,50,1,0,,0
a69245c3ded0,agent,2,51,1,0,,0
a69245c3ded0,agent,2,52,1,0,,0
a69245c3ded0,agent,2,53,1,0,,0
a69245c3ded0,agent,2,54,1,0,,0
a69245c3ded0,agent,2,55,1,0,,0
a69245c3ded0,agent,2,56,1,0,,0
a69245c3ded0,agent,2,57,1,0,,0
a69245c3ded0,agent,2,58,1,0,,0
a69245c3ded0,agent,2,59,1,0,,0
a69245c3ded0,agent,2,60,1,0,,0
a69245c3ded0,agent,2,61,1,0,,0
a69245c3ded0,agent,2,62,1,0,,0
a69245c3ded0,agent,2,63,1,0,,0
a69245c3ded0,agent,2,64,1,0,,0
a69245c3ded0,agent,2,65,1,0,,0
a69245c3ded0,agent,2,66,1,0,,0
a69245c3ded0,agent,2,67,1,0,,0
a69245c3ded0,agent,2,68,1,0,,0
a69245c3ded0,agent,2,69,1,0,,0
a69245c3ded0,agent,2,70,1,0,,0
a69245c3ded0,agent,2,71,1,0,,0
a69245c3ded0,agent,2,72,1,0,,0
a69245c3ded0,agent,2,73,1,0,,0
a69245c3ded0,agent,2,74,1,0,,0
a69245c3ded0,agent,2,75,1,0,,0
a69245c3ded0,agent,2,76,1,0,,0
a69245c3ded0,agent,2,77,1,0,,0
a69245c3ded0,agent,2,78,1,1,1.0,0
a69245c3ded0,wengine,3,11,0,0,,0
a69245c3ded0,wengine,3,12,0,0,,0
a69245c3ded0,wengine,3,13,0,0,,0
a69245c3ded0,wengine,3,14,0,0,,0
a69245c3ded0,wengine,3,15,0,0,,0
a69245c3ded0,wengine,3,16,0,0,,0
a69245c3ded0,wengine,3,17,0,0,,0
a69245c3ded0,wengine,3,18,0,0,,0
a69245c3ded0,wengine,3,19,0,0,,0
a69245c3ded0,wengine,3,20,0,0,,0
a69245c3ded0,wengine,3,21,0,0,,0
a69245c3ded0,wengine,3,22,0,0,,0
a69245c3ded0,wengine,3,23,0,0,,0
a69245c3ded0,wengine,3,24,0,0,,0
a69245c3ded0,wengine,3,25,0,0,,0
a69245c3ded0,wengine,3,26,0,0,,0
a69245c3ded0,wengine,3,27,0,0,,0
a69245c3ded0,wengine,3,28,0,0,,0
a69245c3ded0,wengine,3,29,0,0,,0
a69245c3ded0,wengine,3,30,0,0,,0
a69245c3ded0,wengine,3,31,0,0,,0
a69245c3ded0,wengine,3,32,0,0,,0
a69245c3ded0,wengine,3,33,0,0,,0
a69245c3ded0,wengine,3,34,0,0,,0
a69245c3ded0,wengine,3,35,0,0,,0
a69245c3ded0,wengine,3,36,0,0,,0
a69245c3ded0,wengine,3,37,0,0,,0
a69245c3ded0,wengine,3,38,0,0,,0
a69245c3ded0,wengine,3,39,0,0,,0
a69245c3ded0,wengine,3,40,0,0,,0
a69245c3ded0,wengine,3,41,0,0,,0
a69245c3ded0,wengine,3,42,0,0,,0
a69245c3ded0,wengine,3,43,0,0,,0
a69245c3ded0,wengine,3,44,0,0,,0
a69245c3ded0,wengine,3,45,0,0,,0
a69245c3ded0,wengine,3,46,0,0,,0
a69245c3ded0,wengine,3,47,0,0,,0
a69245c3ded0,wengine,3,48,0,0,,0
a69245c3ded0,wengine,3,49,0,0,,0
a69245c3ded0,wengine,3,50,0,0,,0
a69245c3ded0,wengine,3,51,0,0,,0
a69245c3ded0,wengine,3,52,0,0,,0
a69245c3ded0,wengine,3,53,0,0,,0
a69245c3ded0,wengine,3,54,0,0,,0
a69245c3ded0,wengine,3,55,0,0,,0
a69245c3ded0,wengine,3,56,0,0,,0
a69245c3ded0,wengine,3,57,0,0,,0
a69245c3ded0,wengine,3,58,0,0,,0
a69245c3ded0,wengine,3,59,0,0,,0
a69245c3ded0,wengine,3,60,0,0,,0
a69245c3ded0,wengine,3,61,0,0,,0
a69245c3ded0,wengine,3,62,0,0,,0
a69245c3ded0,wengine,3,63,0,0,,0
a69245c3ded0,wengine,3,64,0,0,,0
a69245c3ded0,wengine,3,65,0,0,,0
a69245c3ded0,wengine,3,66,0,1,1.0,0
a69245c3ded0,agent,2,1,0,0,,0
a69245c3ded0,agent,2,2,0,0,,0
a69245c3ded0,agent,2,3,0,0,,0
a69245c3ded0,agent,2,4,0,0,,0
a69245c3ded0,agent,2,5,0,0,,0
a69245c3ded0,agent,2,6,0,0,,0
a69245c3ded0,agent,2,7,0,0,,0
a69245c3ded0,agent,2,8,0,0,,0
a69245c3ded0,agent,2,9,0,0,,0
a69245c3ded0,agent,2,10,0,0,,0
a69245c3ded0,agent,2,11,0,0,,0
a69245c3ded0,agent,2,12,0,0,,0
a69245c3ded0,agent,2,13,0,0,,0
a69245c3ded0,agent,2,14,0,0,,0
a69245c3ded0,agent,2,15,0,0,,0
a69245c3ded0,agent,2,16,0,0,,0
a69245c3ded0,agent,2,17,0,0,,0
a69245c3ded0,agent,2,18,0,0,,0
a69245c3ded0,agent,2,19,0,0,,0
a69245c3ded0,agent,2,20,0,0,,0
a69245c3ded0,agent,2,21,0,0,,0
a69245c3ded0,agent,2,22,0,0,,0
a69245c3ded0,agent,2,23,0,0,,0
a69245c3ded0,agent,2,24,0,0,,0
a69245c3ded0,agent,2,25,0,0,,0
a69245c3ded0,agent,2,26,0,0,,0
a69245c3ded0,agent,2,27,0,0,,0
a69245c3ded0,agent,2,28,0,0,,0
a69245c3ded0,agent,2,29,0,0,,0
a69245c3ded0,agent,2,30,0,0,,0
a69245c3ded0,agent,2,31,0,0,,0
a69245c3ded0,agent,2,32,0,0,,0
a69245c3ded0,agent,2,33,0,0,,0
a69245c3ded0,agent,2,34,0,0,,0
a69245c3ded0,agent,2,35,0,0,,0
a69245c3ded0,agent,2,36,0,0,,0
a69245c3ded0,agent,2,37,0,0,,0
a69245c3ded0,agent,2,38,0,0,,0
a69245c3ded0,agent,2,39,0,0,,0
a69245c3ded0,agent,2,40,0,0,,0
a69245c3ded0,agent,2,41,0,0,,0
a69245c3ded0,agent,2,42,0,0,,0
a69245c3ded0,agent,2,43,0,0,,0
a69245c3ded0,agent,2,44,0,0,,0
a69245c3ded0,agent,2,45,0,0,,0
a69245c3ded0,agent,2,46,0,0,,0
a69245c3ded0,agent,2,47,0,0,,0
a69245c3ded0,agent,2,48,0,0,,0
a69245c3ded0,agent,2,49,0,0,,0
a69245c3ded0,agent,2,50,0,0,,0
a69245c3ded0,agent,2,51,0,0,,0
a69245c3ded0,agent,2,52,0,0,,0
a69245c3ded0,agent,2,53,0,0,,0
a69245c3ded0,agent,2,54,0,0,,0
a69245c3ded0,agent,2,55,0,0,,0
a69245c3ded0,agent,2,56,0,0,,0
a69245c3ded0,agent,2,57,0,0,,0
a69245c3ded0,agent,2,58,0,0,,0
a69245c3ded0,agent,2,59,0,0,,0
a69245c3ded0,agent,2,60,0,0,,0
a69245c3ded0,agent,2,61,0,0,,0
a69245c3ded0,agent,2,62,0,0,,0
a69245c3ded0,agent,2,63,0,0,,0
a69245c3ded0,agent,2,64,0,0,,0
a69245c3ded0,agent,2,65,0,0,,0
a69245c3ded0,agent,2,66,0,0,,0
a69245c3ded0,agent,2,67,0,0,,0
a69245c3ded0,agent,2,68,0,0,,0
a69245c3ded0,agent,2,69,0,0,,0
a69245c3ded0,agent,2,70,0,0,,0
a69245c3ded0,agent,2,71,0,0,,0
a69245c3ded0,agent,2,72,0,0,,0
a69245c3ded0,agent,2,73,0,0,,0
a69245c3ded0,agent,2,74,0,0,,0
a69245c3ded0,agent,2,75,0,0,,0
a69245c3ded0,agent,2,76,0,0,,0
a69245c3ded0,agent,2,77,0,0,,0
a69245c3ded0,agent,2,78,0,0,,0
a69245c3ded0,agent,2,79,0,0,,0
a69245c3ded0,agent,2,80,0,0,,0
a69245c3ded0,agent,2,81,0,0,,0
a69245c3ded0,agent,2,82,0,0,,0
a69245c3ded0,agent,2,83,0,1,1.0,0
a69245c3ded0,agent,2,1,0,0,,0
a69245c3ded0,agent,2,2,0,0,,0
a69245c3ded0,agent,2,3,0,0,,0
a69245c3ded0,agent,2,4,0,0,,0
a69245c3ded0,agent,2,5,0,0,,0
a69245c3ded0,agent,2,6,0,0,,0
a69245c3ded0,agent,2,7,0,0,,0
a69245c3ded0,agent,2,8,0,0,,0
a69245c3ded0,agent,2,9,0,0,,0
a69245c3ded0,agent,2,10,0,0,,0
a69245c3ded0,agent,2,11,0,0,,0
a69245c3ded0,agent,2,12,0,0,,0
a69245c3ded0,agent,2,13,0,0,,0
a69245c3ded0,agent,2,14,0,0,,0
a69245c3ded0,agent,2,15,0,0,,0
a69245c3ded0,agent,2,16,0,0,,0
a69245c3ded0,agent,2,17,0,0,,0
a69245c3ded0,agent,2,18,0,0,,0
a69245c3ded0,agent,2,19,0,0,,0
a69245c3ded0,agent,2,20,0,0,,0
a69245c3ded0,agent,2,21,0,0,,0
a69245c3ded0,agent,2,22,0,1,1.0,0
a69245c3ded0,agent,2,1,0,0,,0
a69245c3ded0,agent,2,2,0,0,,0
a69245c3ded0,agent,2,3,0,0,,0
a69245c3ded0,agent,2,4,0,0,,0
a69245c3ded0,agent,2,5,0,0,,0
a69245c3ded0,agent,2,6,0,0,,0
a69245c3ded0,agent,2,7,0,0,,0
a69245c3ded0,agent,2,8,0,0,,0
a69245c3ded0,agent,2,9,0,0,,0
a69245c3ded0,agent,2,10,0,0,,0
a69245c3ded0,agent,2,11,0,0,,0
a69245c3ded0,agent,2,12,0,0,,0
a69245c3ded0,agent,2,13,0,0,,0
a69245c3ded0,agent,2,14,0,0,,0
a69245c3ded0,agent,2,15,0,0,,0
a69245c3ded0,agent,2,16,0,0,,0
a69245c3ded0,agent,2,17,0,0,,0
a69245c3ded0,agent,2,18,0,0,,0
a69245c3ded0,agent,2,19,0,0,,0
a69245c3ded0,agent,2,20,0,0,,0
a69245c3ded0,agent,2,21,0,0,,0
a69245c3ded0,agent,2,22,0,0,,0
a69245c3ded0,agent,2,23,0,0,,0
a69245c3ded0,agent,2,24,0,0,,0
a69245c3ded0,agent,2,25,0,0,,0
a69245c3ded0,agent,2,26,0,0,,0
a69245c3ded0,agent,2,27,0,0,,0
a69245c3ded0,agent,2,28,0,0,,0
a69245c3ded0,agent,2,29,0,0,,0
a69245c3ded0,agent,2,30,0,0,,0
a69245c3ded0,agent,2,31,0,0,,0
a69245c3ded0,agent,2,32,0,0,,0
a69245c3ded0,agent,2,33,0,0,,0
a69245c3ded0,agent,2,34,0,0,,0
a69245c3ded0,agent,2,35,0,0,,0
a69245c3ded0,agent,2,36,0,0,,0
a69245c3ded0,agent,2,37,0,0,,0
a69245c3ded0,agent,2,38,0,0,,0
a69245c3ded0,agent,2,39,0,0,,0
a69245c3ded0,agent,2,40,0,0,,0
a69245c3ded0,agent,2,41,0,0,,0
a69245c3ded0,agent,2,42,0,0,,0
a69245c3ded0,agent,2,43,0,0,,0
a69245c3ded0,agent,2,44,0,0,,0
a69245c3ded0,agent,2,45,0,0,,0
a69245c3ded0,agent,2,46,0,0,,0
a69245c3ded0,agent,2,47,0,0,,0
a69245c3ded0,agent,2,48,0,0,,0
a69245c3ded0,agent,2,49,0,0,,0
a69245c3ded0,agent,2,50,0,0,,0
a69245c3ded0,wengine,3,1,0,0,,0
a69245c3ded0,wengine,3,2,0,0,,0
a69245c3ded0,wengine,3,3,0,0,,0
a69245c3ded0,wengine,3,4,0,0,,0
a69245c3ded0,wengine,3,5,0,0,,0
a69245c3ded0,wengine,3,6,0,0,,0
a69245c3ded0,wengine,3,7,0,0,,0
a69245c3ded0,wengine,3,8,0,0,,0
a69245c3ded0,wengine,3,9,0,0,,0
a69245c3ded0,wengine,3,10,0,0,,0
a69245c3ded0,wengine,3,11,0,0,,0
a69245c3ded0,wengine,3,12,0,0,,0
a69245c3ded0,wengine,3,13,0,0,,0
a69245c3ded0,wengine,3,14,0,0,,0
a69245c3ded0,wengine,3,15,0,0,,0
a69245c3ded0,wengine,3,16,0,0,,0
a69245c3ded0,wengine,3,17,0,0,,0
a69245c3ded0,wengine,3,18,0,0,,0
a69245c3ded0,wengine,3,19,0,0,,0
a69245c3ded0,wengine,3,20,0,0,,0
